customer_id,age,gender,region,education_level,employment_type,annual_income,loan_amount,loan_purpose,credit_score,repayment_history,transaction_count,spending_ratio,join_date,default_flag,join_year,join_month,join_day,join_weekday,education_encoded,gender_encoded,income_bin,high_loan_flag,credit_quantile_bin,income_kmeans_bin,debt_to_income_ratio,average_monthly_transactions,spending_to_income_ratio,income_log,income_sqrt,income_reciprocal
C10001,42.0,Female,North,Post-Graduate,Salaried,935320.78,277028.12,Other,579.0,26,44,0.319,2026-05-26,1,2026,5,26,Tuesday,2.0,0,Medium,0.0,0.0,0,0.2961851440956973,3.6666666666666665,298367.32882,13.748645898797509,967.1198374555245,1.0691519117109747e-06
C10002,43.0,Female,Central,Post-Graduate,Business,558804.45,204240.96,Business,712.0,17,30,0.304,2023-07-13,0,2023,7,13,Thursday,2.0,0,Medium,0.0,2.0,1,0.36549630197110994,2.5,169876.55279999998,13.233556659359616,747.5322401074083,1.7895347826954494e-06
C10003,23.0,Male,North,High School,Salaried,1060126.33,656982.47,Other,673.0,11,37,0.208,2022-05-23,0,2022,5,23,Monday,0.0,1,High,0.0,1.0,0,0.6197209251467227,3.0833333333333335,220506.27664,13.873899581515612,1029.6243635423552,9.432838065629404e-07
C10004,41.0,Other,East,Graduate,Business,1113358.12,176696.86,Education,829.0,24,39,0.855,2026-09-01,0,2026,9,1,Tuesday,1.0,2,High,0.0,3.0,0,0.1587062211393401,3.25,951921.1926000001,13.922892237693192,1055.157864966186,8.981835961280814e-07
C10005,41.0,Other,South,Graduate,Self-Employed,315611.7747,108621.11,Car,688.0,24,36,0.422,2023-08-01,0,2023,8,1,Tuesday,1.0,2,Low,0.0,1.0,1,0.34416051208244103,3.0,133188.1689234,12.662271344637833,561.793355870288,3.1684495958699097e-06
C10006,41.45161290322581,Male,South,Post-Graduate,Salaried,485389.74,206036.05,Other,817.0,22,33,0.28,2026-08-31,0,2026,8,31,Monday,2.0,1,Low,0.0,3.0,1,0.4244754946818612,2.75,135909.12720000002,13.092709495042813,696.6991746801484,2.0602001187746574e-06
C10007,26.0,Female,North,Graduate,Self-Employed,885795.31,603824.48,Car,623.0,2,35,0.777,2026-04-15,1,2026,4,15,Wednesday,1.0,0,Medium,0.0,0.0,0,0.6816749571636364,2.9166666666666665,688262.9558700001,13.69424230473666,941.1669936839052,1.1289289847335045e-06
C10008,22.0,Male,Central,High School,Self-Employed,761452.07,496899.09,Car,741.0,17,39,0.419,2026-03-18,0,2026,3,18,Wednesday,0.0,1,Medium,0.0,2.0,2,0.6525677840760221,3.25,319048.41732999997,13.542983821053179,872.6122105494513,1.313280296158365e-06
C10009,21.0,Female,East,High School,Business,845295.68,636520.65,Other,722.0,22,41,0.128,2024-05-06,0,2024,5,6,Monday,0.0,0,Medium,0.0,2.0,2,0.75301538273566,3.4166666666666665,108197.84704000001,13.647442945309637,919.3996301935301,1.1830179943661844e-06
C10010,42.0,Other,South,PhD,Business,611147.7,398407.46,Other,639.0,35,42,0.23,2025-08-04,0,2025,8,4,Monday,3.0,2,Medium,0.0,0.0,1,0.6519004489422116,3.5,140563.971,13.323095580065782,781.759361952257,1.6362656686755101e-06
C10011,24.0,Male,West,Graduate,Self-Employed,1448960.2680000002,448202.93,Car,712.0,19,33,0.611,2026-07-11,0,2026,7,11,Saturday,1.0,1,High,0.0,2.0,3,0.30932727411404765,2.75,885314.7237480001,14.186357490786833,1203.7276552443248,6.901500490281214e-07
C10012,63.0,Male,North,Post-Graduate,Self-Employed,1067781.74,700936.69,Business,785.0,12,42,0.726,2022-07-20,1,2022,7,20,Wednesday,2.0,1,High,0.0,3.0,0,0.6564419148055481,3.5,775209.54324,13.881094850841913,1033.335250535856,9.365209785288143e-07
C10013,31.0,Male,East,Graduate,Salaried,877438.4215277777,171069.35,Other,677.0,20,45,0.269,2021-03-21,0,2021,3,21,Sunday,1.0,1,Medium,0.0,1.0,0,0.1949645078251048,3.75,236030.9353909722,13.684763196643132,936.7168310262059,1.1396811166062464e-06
C10014,49.0,Other,East,Post-Graduate,Self-Employed,1165627.54,250651.9,Business,582.0,6,44,0.834,2022-11-05,1,2022,11,5,Saturday,2.0,2,High,0.0,0.0,3,0.2150360139912274,3.6666666666666665,972133.36836,13.968771018807026,1079.6423204006037,8.579069777297814e-07
C10015,50.0,Female,East,High School,Unemployed,980902.62,739653.82,Home,699.0,3,29,0.781,2024-08-30,1,2024,8,30,Friday,0.0,0,Medium,0.0,1.0,0,0.7540542811477045,2.4166666666666665,766084.94622,13.796229487033925,990.4052806805909,1.0194691905298407e-06
C10016,42.0,Other,South,High School,Self-Employed,609398.11,456649.43,Business,637.0,25,25,0.779,2024-02-24,1,2024,2,24,Saturday,0.0,2,Medium,0.0,0.0,1,0.7493450053529047,2.0833333333333335,474721.12769,13.320228685079774,780.6395519059997,1.6409634089610157e-06
C10017,59.0,Female,Central,Post-Graduate,Self-Employed,953250.22,390669.24,Home,676.0,36,41,0.282,2021-06-19,0,2021,6,19,Saturday,2.0,0,Medium,0.0,1.0,0,0.40982863869677366,3.4166666666666665,268816.56204,13.767633757551144,976.3453384945308,1.0490425063841056e-06
C10018,25.0,Male,South,Post-Graduate,Salaried,581512.87,279286.44,Other,694.0,31,39,0.14,2024-03-23,0,2024,3,23,Saturday,2.0,1,Medium,0.0,1.0,1,0.48027559562009353,3.25,81411.8018,13.27339010276302,762.5699115490986,1.7196523956554909e-06
C10019,31.0,Female,West,Graduate,Business,1095966.08,981905.1228000001,Home,581.0,21,29,0.794,2022-01-02,1,2022,1,2,Sunday,1.0,0,High,1.0,0.0,0,0.8959265626177044,2.4166666666666665,870197.0675200002,13.907147709542643,1046.8839859315835,9.124369980501585e-07
C10020,32.0,Male,West,Graduate,Unemployed,836020.74,707922.12,Other,587.0,1,43,0.345,2023-11-28,1,2023,11,28,Tuesday,1.0,1,Medium,0.0,0.0,2,0.8467757869260516,3.5833333333333335,288427.1553,13.63640989651341,914.3416976163779,1.196142574166282e-06
C10021,26.0,Other,South,Graduate,Salaried,798238.54,433527.97,Home,694.6451612903226,36,37,0.595,2024-04-23,0,2024,4,23,Tuesday,1.0,2,Medium,0.0,1.0,2,0.543105786398136,3.0833333333333335,474951.9313,13.590164006826909,893.4419623008537,1.2527583546642585e-06
C10022,33.0,Other,North,Graduate,Salaried,659339.73,367339.81,Education,663.0,16,27,0.708,2024-08-30,0,2024,8,30,Friday,1.0,2,Medium,0.0,1.0,2,0.5571328304453912,2.25,466812.52884,13.398995720836187,811.9973706853982,1.5166688044113465e-06
C10023,34.0,Other,South,High School,Salaried,1192311.57,517983.91,Car,523.42,10,40,0.203,2023-05-17,1,2023,5,17,Wednesday,0.0,2,High,0.0,0.0,3,0.4344367051642382,3.3333333333333335,242039.24871000004,13.991405315387313,1091.9302038134122,8.387069497279138e-07
C10024,54.0,Female,Central,Post-Graduate,Salaried,806731.75,352330.95,Other,755.0,33,41,0.725,2023-05-08,0,2023,5,8,Monday,2.0,0,Medium,0.0,3.0,2,0.43673866808886597,3.4166666666666665,584880.5187499999,13.60074772759698,898.1824703254902,1.2395694107737796e-06
C10025,34.0,Male,Central,Graduate,Self-Employed,730068.21,467092.43,Car,719.0,27,41,0.851,2024-11-26,0,2024,11,26,Tuesday,1.0,1,Medium,0.0,2.0,2,0.6397928626422454,3.4166666666666665,621288.0467099999,13.500894616849736,854.4402904826059,1.3697350279092417e-06
C10026,59.0,Male,Central,Post-Graduate,Salaried,751402.61,705565.57,Business,523.42,27,34,0.683,2025-04-23,0,2025,4,23,Wednesday,2.0,1,Medium,0.0,0.0,2,0.9389980292988335,2.8333333333333335,513207.98263000004,13.52969821647565,866.8348227892094,1.3308444590044743e-06
C10027,54.0,Female,South,High School,Salaried,999046.57,612670.51,Home,608.0,10,30,0.453,2025-08-24,0,2025,8,24,Sunday,0.0,0,Medium,0.0,0.0,0,0.6132552059109717,2.5,452568.09621,13.814557674114626,999.5231713172036,1.0009543398962874e-06
C10028,60.0,Female,West,High School,Self-Employed,952324.34,312921.88,Education,759.0,36,28,0.801,2022-12-02,0,2022,12,2,Friday,0.0,0,Medium,0.0,3.0,0,0.3285875062271327,2.3333333333333335,762811.79634,13.766661999089905,975.871067303463,1.0500624188603643e-06
C10029,25.0,Other,North,Graduate,Self-Employed,965565.13,316007.16,Other,724.0,16,30,0.522,2023-06-10,0,2023,6,10,Saturday,1.0,2,Medium,0.0,2.0,0,0.3272768974165419,2.5,504024.99786,13.78046987151397,982.6317367152355,1.0356629179431946e-06
C10030,64.0,Other,West,Graduate,Salaried,970629.88,727803.92,Other,841.1,19,42,0.696,2022-11-26,0,2022,11,26,Saturday,1.0,2,Medium,0.0,3.0,0,0.74982641169052,3.5,675558.39648,13.78570153081909,985.2055014056712,1.0302588253310314e-06
C10031,48.0,Male,East,Graduate,Self-Employed,1448960.2680000002,981905.1228000001,Car,729.0,27,39,0.756,2024-01-13,1,2024,1,13,Saturday,1.0,1,High,1.0,2.0,3,0.6776618686413837,3.25,1095413.962608,14.186357490786833,1203.7276552443248,6.901500490281214e-07
C10032,64.0,Male,West,High School,Self-Employed,736203.8,187999.78,Car,727.0,24,34,0.699,2021-09-25,0,2021,9,25,Saturday,0.0,1,Medium,0.0,2.0,2,0.25536377291179424,2.8333333333333335,514606.4562,13.509263619873202,858.0231931597187,1.358319530543037e-06
C10033,36.0,Female,West,Post-Graduate,Business,706572.04,137095.44,Education,688.0,6,30,0.33,2023-06-23,0,2023,6,23,Friday,2.0,0,Medium,0.0,1.0,2,0.19402896270845926,2.5,233168.77320000003,13.468181858636397,840.5783961059194,1.4152838541417517e-06
C10034,62.0,Female,Central,Post-Graduate,Self-Employed,622143.64,374171.3,Education,757.0,11,39,0.194,2022-02-01,0,2022,2,1,Tuesday,2.0,0,Medium,0.0,3.0,1,0.6014226875324161,3.25,120695.86616,13.340927884880962,788.7608255992434,1.6073458534431052e-06
C10035,46.0,Male,East,Post-Graduate,Salaried,1022474.24,199656.18,Education,744.0,13,40,0.291,2024-01-24,0,2024,1,24,Wednesday,2.0,1,High,0.0,2.0,0,0.19526768713508127,3.3333333333333335,297540.00383999996,13.837736951446978,1011.1746832273838,9.780197494266458e-07
C10036,24.0,Other,South,High School,Self-Employed,1166112.24,736802.82,Home,788.0,35,37,0.502,2025-11-22,0,2025,11,22,Saturday,0.0,2,High,0.0,3.0,3,0.6318455417293278,3.0833333333333335,585388.34448,13.969186759530238,1079.8667695600232,8.57550384686812e-07
C10037,39.0,Other,East,Graduate,Salaried,818094.71,155323.58,Business,664.0,26,40,0.504,2026-09-01,0,2026,9,1,Tuesday,1.0,2,Medium,0.0,1.0,2,0.189860144676892,3.3333333333333335,412319.73384,13.614734613630322,904.4858815924105,1.2223523606453831e-06
C10038,41.45161290322581,Female,North,Graduate,Salaried,614756.19,75908.85,Car,670.0,13,23,0.566,2023-07-27,0,2023,7,27,Thursday,1.0,0,Medium,0.0,1.0,1,0.12347797587853489,1.9166666666666667,347952.00353999995,13.32898265582135,784.0638940800679,1.6266611321148308e-06
C10039,62.0,Male,North,Graduate,Salaried,619145.26,459914.67,Car,666.0,27,36,0.416,2021-04-29,0,2021,4,29,Thursday,1.0,1,Medium,0.0,1.0,1,0.7428219187206568,3.0,257564.42815999998,13.336096808085552,786.8578397652273,1.6151298646782825e-06
C10040,34.0,Other,East,Graduate,Business,1032165.98,253900.84,Other,755.0,27,35,0.73,2022-04-24,0,2022,4,24,Sunday,1.0,2,High,0.0,3.0,0,0.2459883826048985,2.9166666666666665,753481.1653999999,13.847171014260642,1015.9556978530117,9.688364268700273e-07
C10041,30.0,Male,Central,High School,Self-Employed,1058111.17,505208.71,Business,805.0,14,42,0.831,2021-08-09,0,2021,8,9,Monday,0.0,1,High,0.0,3.0,0,0.47746278871623676,3.5,879290.38227,13.871996906574525,1028.6453081602035,9.450802792300171e-07
C10042,45.0,Female,East,Graduate,Salaried,1002083.2,335485.4,Car,668.0,14,34,0.297,2025-05-14,0,2025,5,14,Wednesday,1.0,0,High,0.0,1.0,0,0.33478796970151786,2.8333333333333335,297618.7104,13.81759258903259,1001.0410580990172,9.979211307005246e-07
C10043,39.0,Other,West,Graduate,Self-Employed,663657.28,85854.29,Other,670.0,33,36,0.689,2026-08-30,0,2026,8,30,Sunday,1.0,2,Medium,0.0,1.0,2,0.12936540076830016,3.0,457259.86592,13.405522657432481,814.6516310669242,1.5068018239775807e-06
C10044,25.0,Other,North,Graduate,Salaried,915005.17,175135.75,Car,722.0,20,37,0.642,2024-03-09,0,2024,3,9,Saturday,1.0,2,Medium,0.0,2.0,0,0.19140410977131417,3.0833333333333335,587433.31914,13.726686087404323,956.5590258839231,1.0928899997362855e-06
C10045,56.0,Male,East,High School,Self-Employed,882672.03,138132.51,Education,683.0,5,25,0.518,2022-01-07,0,2022,1,7,Friday,0.0,1,Medium,0.0,1.0,0,0.15649358459902712,2.0833333333333335,457224.11154,13.690710116559442,939.5062692712593,1.1329236296294559e-06
C10046,58.0,Female,West,Graduate,Business,911232.81,228176.78,Car,767.0,26,39,0.251,2021-02-14,0,2021,2,14,Sunday,1.0,0,Medium,0.0,3.0,0,0.25040448225300405,3.25,228719.43531,13.722554795343333,954.5851507330292,1.0974143918281431e-06
C10047,53.0,Male,South,Graduate,Self-Employed,1094000.06,217952.69,Home,542.0,21,45,0.736,2026-08-12,1,2026,8,12,Wednesday,1.0,1,High,0.0,0.0,0,0.19922548267501922,3.75,805184.04416,13.905352230884983,1045.9445778816391,9.140767323175467e-07
C10048,48.0,Male,North,Graduate,Self-Employed,912606.75,557870.28,Education,642.0,18,36,0.869,2022-10-27,0,2022,10,27,Thursday,1.0,1,Medium,0.0,0.0,0,0.6112931774830725,3.0,793055.26575,13.724061439659412,955.304532596805,1.0957622217893962e-06
C10049,38.0,Female,North,Graduate,Salaried,1040095.8,627872.1,Education,645.0,26,24,0.677,2021-08-24,0,2021,8,24,Tuesday,1.0,0,High,0.0,1.0,0,0.6036675660069004,2.0,704144.8566,13.854824343709245,1019.8508714513117,9.614498972113915e-07
C10050,44.0,Male,Central,Graduate,Salaried,868922.14,444231.88,Other,538.0,33,37,0.834,2022-01-07,1,2022,1,7,Friday,1.0,1,Medium,0.0,0.0,2,0.5112447474292691,3.0833333333333335,724681.06476,13.67500995384569,932.1599326295891,1.150851099271104e-06
C10051,43.0,Other,West,Post-Graduate,Business,930953.43,266931.77,Car,633.0,12,39,0.887,2022-06-21,0,2022,6,21,Tuesday,2.0,2,Medium,0.0,0.0,0,0.2867294554143272,3.25,825755.69241,13.743965607692822,964.8592798952602,1.0741675875236852e-06
C10052,28.0,Female,South,Graduate,Self-Employed,1026760.7,517077.24,Other,636.0,15,27,0.382,2024-10-09,0,2024,10,9,Wednesday,1.0,0,High,0.0,0.0,0,0.5036005371066501,2.25,392222.58739999996,13.841920426932843,1013.2920112188785,9.739367702717878e-07
C10053,24.0,Male,South,Graduate,Salaried,441996.37,518860.92,Business,686.0,7,35,0.611,2026-02-16,1,2026,2,16,Monday,1.0,1,Low,0.0,1.0,1,1.173903125041502,2.9166666666666665,270059.78207,12.999059210815888,664.8280755202807,2.2624620197672665e-06
C10054,32.0,Male,North,PhD,Salaried,760492.06,582784.58,Home,778.0,23,33,0.479,2022-08-01,0,2022,8,1,Monday,3.0,1,Medium,0.0,3.0,2,0.7663256602573864,2.75,364275.69674,13.541722265064568,872.0619588079737,1.3149381204584832e-06
C10055,40.0,Male,Central,Graduate,Salaried,718295.66,229928.93,Business,683.0,14,23,0.889,2024-12-14,0,2024,12,14,Saturday,1.0,1,Medium,0.0,1.0,2,0.32010346547269963,1.9166666666666667,638564.8417400001,13.484637938184338,847.5232504185358,1.3921843826816382e-06
C10056,28.0,Male,North,Post-Graduate,Salaried,877438.4215277777,192337.86,Education,628.0,12,32,0.175,2021-05-17,0,2021,5,17,Monday,2.0,1,Medium,0.0,0.0,0,0.21920382705045588,2.6666666666666665,153551.72376736108,13.684763196643132,936.7168310262059,1.1396811166062464e-06
C10057,25.0,Male,West,Post-Graduate,Salaried,772960.17,284694.47,Car,696.0,25,47,0.43,2021-01-22,0,2021,1,22,Friday,2.0,1,Medium,0.0,1.0,2,0.3683171281645728,3.9166666666666665,332372.8731,13.557984093448855,879.1815341554894,1.2937277220894835e-06
C10058,58.0,Other,South,High School,Salaried,1268583.57,407771.0,Education,773.0,15,27,0.8,2021-04-26,0,2021,4,26,Monday,0.0,2,High,0.0,3.0,3,0.3214380271376209,2.25,1014866.8560000001,14.053412325093618,1126.314152445933,7.882807436959001e-07
C10059,37.0,Male,South,Graduate,Business,607567.29,322150.15,Car,632.0,17,38,0.327,2026-04-23,0,2026,4,23,Thursday,1.0,1,Medium,0.0,0.0,1,0.5302295816484788,3.1666666666666665,198674.50383000003,13.317219859401773,779.4660287658469,1.6459082252436597e-06
C10060,46.0,Male,South,Graduate,Salaried,1121117.94,440279.41,Business,636.0,16,43,0.73,2024-05-06,0,2024,5,6,Monday,1.0,1,High,0.0,0.0,0,0.3927146237620638,3.5833333333333335,818416.0961999999,13.929837798120825,1058.8285696938858,8.91966816622344e-07
C10061,44.0,Female,Central,PhD,Salaried,378796.46,100000.67,Education,739.0,9,42,0.406,2025-08-18,0,2025,8,18,Monday,3.0,0,Low,0.0,2.0,1,0.2639957881338173,3.5,153791.36276000002,12.844756934886151,615.4644262668639,2.639940193738875e-06
C10062,53.0,Male,North,Graduate,Salaried,756232.19,251604.55,Education,684.0,4,34,0.884,2021-02-15,1,2021,2,15,Monday,1.0,1,Medium,0.0,1.0,2,0.3327080668174149,2.8333333333333335,668509.25596,13.536105059980967,869.6161164559911,1.3223451913624572e-06
C10063,53.0,Female,South,High School,Salaried,895570.86,509267.11,Car,745.0,30,49,0.807,2021-02-16,0,2021,2,16,Tuesday,0.0,0,Medium,0.0,3.0,0,0.5686508268033643,4.083333333333333,722725.68402,13.7052177429362,946.3460572116312,1.1166062281213571e-06
C10064,34.0,Male,South,Graduate,Business,1014142.25,300268.27,Car,699.0,3,42,0.341,2025-11-18,0,2025,11,18,Tuesday,1.0,1,High,0.0,1.0,0,0.29608101822007715,3.5,345822.50725,13.82955472534464,1007.0462998293574,9.86054964182786e-07
C10065,58.0,Male,South,High School,Salaried,1049143.44,795121.02,Education,749.0,12,34,0.716,2021-08-04,1,2021,8,4,Wednesday,0.0,1,High,1.0,3.0,0,0.7578763681732595,2.8333333333333335,751186.7030399999,13.86348557094061,1024.2770328382844,9.53158511861829e-07
C10066,37.0,Female,North,Post-Graduate,Business,1072137.23,179780.35,Education,628.0,24,37,0.369,2021-11-23,0,2021,11,23,Tuesday,2.0,0,High,0.0,0.0,0,0.16768408462039883,3.0833333333333335,395618.63787,13.885165558195599,1035.4405970406995,9.327164210126347e-07
C10067,57.0,Other,Central,Graduate,Business,752356.98,631699.0,Car,694.6451612903226,4,33,0.585,2023-12-26,1,2023,12,26,Tuesday,1.0,2,Medium,0.0,1.0,2,0.8396266889156794,2.75,440128.83329999994,13.53096752689624,867.3851393700494,1.3291562736614739e-06
C10068,38.0,Female,South,Post-Graduate,Salaried,720541.5,136464.7,Education,685.0,24,37,0.627,2024-06-27,0,2024,6,27,Thursday,2.0,0,Medium,0.0,1.0,2,0.18939186708884917,3.0833333333333335,451779.5205,13.487759679496772,848.8471593873658,1.3878451137096198e-06
C10069,25.0,Female,East,Post-Graduate,Self-Employed,1090233.25,872808.71,Car,615.0,27,34,0.764,2022-04-26,1,2022,4,26,Tuesday,2.0,0,High,1.0,0.0,0,0.8005706210116046,2.8333333333333335,832938.203,13.901903139372736,1044.1423514061673,9.172349128042096e-07
C10070,54.0,Female,South,Graduate,Unemployed,796434.79,494499.85,Education,591.0,24,38,0.12,2023-07-23,1,2023,7,23,Sunday,1.0,0,Medium,0.0,0.0,2,0.6208918246778244,3.1666666666666665,95572.17480000001,13.587901789891198,892.431952587983,1.2555955773855635e-06
C10071,22.0,Male,Central,Graduate,Salaried,492807.83,388346.73,Home,748.0,11,47,0.276,2024-11-18,0,2024,11,18,Monday,1.0,1,Low,0.0,3.0,1,0.7880287332285284,3.9166666666666665,136014.96108,13.107876609060401,702.0027279149277,2.029188537852574e-06
C10072,54.0,Male,South,Post-Graduate,Salaried,532679.58,239601.06,Education,675.0,0,33,0.67,2023-07-19,0,2023,7,19,Wednesday,2.0,1,Medium,0.0,1.0,1,0.4498033508248993,2.75,356895.3186,13.18567723644931,729.849011782574,1.877301172310754e-06
C10073,22.0,Female,South,Post-Graduate,Business,592553.36,307546.17,Business,628.0,32,37,0.551,2023-03-15,0,2023,3,15,Wednesday,2.0,0,Medium,0.0,0.0,1,0.519018523496348,3.0833333333333335,326496.90136,13.292197894618383,769.7748761813417,1.6876117283344744e-06
C10074,30.0,Male,South,Post-Graduate,Business,989205.01,688734.48,Other,693.0,12,39,0.496,2021-05-31,0,2021,5,31,Monday,2.0,1,Medium,0.0,1.0,0,0.6962504971542754,3.25,490645.68496,13.804657890227602,994.5878593668837,1.0109127934966686e-06
C10075,47.0,Other,South,High School,Salaried,889879.21,681393.69,Business,779.0,29,33,0.144,2023-08-07,0,2023,8,7,Monday,0.0,2,Medium,0.0,3.0,0,0.7657148097661479,2.75,128142.60623999998,13.698842137143917,943.3340924614142,1.1237480196890992e-06
C10076,62.0,Female,North,Graduate,Self-Employed,1043335.9,204404.97,Business,540.0,7,34,0.379,2025-08-13,1,2025,8,13,Wednesday,1.0,0,High,0.0,0.0,0,0.19591482474627778,2.8333333333333335,395424.3061,13.857934692372735,1021.4381528022145,9.58464095791202e-07
C10077,38.0,Male,West,High School,Salaried,730369.26,278449.48,Home,595.0,6,29,0.792,2024-08-09,1,2024,8,9,Friday,0.0,1,Medium,0.0,0.0,2,0.38124479663889466,2.4166666666666665,578452.45392,13.501306890018805,854.6164402818378,1.3691704385258491e-06
C10078,26.0,Female,South,Post-Graduate,Business,894391.11,248583.1,Car,635.0,28,34,0.125,2026-02-19,0,2026,2,19,Thursday,2.0,0,Medium,0.0,0.0,0,0.2779355666896108,2.8333333333333335,111798.88875,13.703899559787711,945.7225333045628,1.1180790918192378e-06
C10079,31.0,Male,South,Graduate,Salaried,1025165.31,731137.36,Business,802.0,34,37,0.417,2021-09-22,0,2021,9,22,Wednesday,1.0,1,High,0.0,3.0,0,0.7131897196170245,3.0833333333333335,427493.93427,13.840365411051481,1012.504474064189,9.754524370318382e-07
C10080,60.0,Female,South,Graduate,Salaried,763382.97,531241.7,Other,720.0,31,31,0.856,2021-01-24,1,2021,1,24,Sunday,1.0,0,Medium,0.0,2.0,2,0.695904573296939,2.5833333333333335,653455.8223199999,13.545516420906702,873.7179006979312,1.3099584864985919e-06
C10081,52.0,Other,South,High School,Self-Employed,977897.07,440730.98,Education,754.0,27,47,0.141,2024-02-26,0,2024,2,26,Monday,0.0,2,Medium,0.0,3.0,0,0.45069260714729414,3.9166666666666665,137883.48687,13.793160720681485,988.8867832062475,1.0226025117346961e-06
C10082,25.0,Male,West,Graduate,Unemployed,664660.74,358093.87,Other,620.0,9,39,0.7,2022-01-11,0,2022,1,11,Tuesday,1.0,1,Medium,0.0,0.0,2,0.5387618802338168,3.25,465262.518,13.40703352857163,815.2672813255786,1.5045269561129789e-06
C10083,37.0,Female,East,Post-Graduate,Business,748344.92,284391.88,Car,622.0,33,49,0.306,2024-06-01,0,2024,6,1,Saturday,2.0,0,Medium,0.0,0.0,2,0.38002780856720453,4.083333333333333,228993.54552,13.525620609948044,865.0693151418561,1.3362822052697304e-06
C10084,32.0,Male,Central,High School,Salaried,743113.39,75095.38320000001,Home,731.0,24,46,0.793,2026-03-14,0,2026,3,14,Saturday,0.0,1,Medium,0.0,2.0,2,0.10105508016750984,3.8333333333333335,589288.91827,13.518605268781103,862.0402484803132,1.3456896530958754e-06
C10085,28.0,Female,South,High School,Salaried,515164.9,228792.02,Home,704.0,6,39,0.697,2022-12-09,0,2022,12,9,Friday,0.0,0,Medium,0.0,2.0,1,0.44411414675184585,3.25,359069.9353,13.152244263693568,717.7498867990158,1.9411260355664758e-06
C10086,58.0,Male,Central,Post-Graduate,Business,986352.29,442756.12,Education,738.0,4,43,0.809,2024-02-28,1,2024,2,28,Wednesday,2.0,1,Medium,0.0,2.0,0,0.4488823359451013,3.5833333333333335,797959.0026100001,13.801769875696436,993.1527022568081,1.0138365471833598e-06
C10087,48.0,Female,North,Post-Graduate,Business,718567.34,218740.07,Business,687.0,32,35,0.273,2024-12-02,0,2024,12,2,Monday,2.0,0,Medium,0.0,1.0,2,0.30441137221739023,2.9166666666666665,196168.88382000002,13.485016094800635,847.6835140546264,1.3916580177440295e-06
C10088,28.0,Female,East,High School,Salaried,853498.35,402950.69,Car,719.0,10,41,0.525,2021-11-12,0,2021,11,12,Friday,0.0,0,Medium,0.0,2.0,2,0.47211654246314594,3.4166666666666665,448086.63375,13.657100059646336,923.8497442766329,1.1716484279085016e-06
C10089,41.45161290322581,Male,West,Graduate,Self-Employed,984609.06,424343.85,Business,711.0,28,44,0.723,2026-02-28,0,2026,2,28,Saturday,1.0,1,Medium,0.0,2.0,0,0.43097699101001563,3.6666666666666665,711872.35038,13.800000963601187,992.2746897910881,1.0156315238456165e-06
C10090,39.0,Female,East,PhD,Salaried,975028.73,416559.44,Business,754.0,5,37,0.297,2022-03-02,0,2022,3,2,Wednesday,3.0,0,Medium,0.0,3.0,0,0.42722786230104215,3.0833333333333335,289583.53281,13.790223241822796,987.4354308004145,1.0256108043093254e-06
C10091,23.0,Other,Central,Post-Graduate,Salaried,1036307.83,382529.23,Car,756.0,10,29,0.285,2025-08-25,0,2025,8,25,Monday,2.0,2,High,0.0,3.0,0,0.36912702859728463,2.4166666666666665,295347.73154999997,13.851175755834648,1017.9920579257973,9.649642423332843e-07
C10092,40.0,Other,South,Graduate,Salaried,877438.4215277777,580990.97,Car,587.0,10,36,0.122,2024-10-17,1,2024,10,17,Thursday,1.0,2,Medium,0.0,0.0,0,0.6621444374277462,3.0,107047.48742638888,13.684763196643132,936.7168310262059,1.1396811166062464e-06
C10093,29.0,Male,North,Graduate,Salaried,731476.47,375757.77,Business,543.0,10,43,0.867,2021-10-24,1,2021,10,24,Sunday,1.0,1,Medium,0.0,0.0,2,0.5136976859966528,3.5833333333333335,634190.0994899999,13.502821699241405,855.2639767931302,1.3670979737735104e-06
C10094,31.0,Female,West,Graduate,Salaried,827678.9,605986.15,Business,770.0,24,38,0.668,2025-03-03,0,2025,3,3,Monday,1.0,0,Medium,0.0,3.0,2,0.7321512605915168,3.1666666666666665,552889.5052,13.626381764417694,909.7685969519941,1.2081980101220413e-06
C10095,59.0,Other,North,High School,Business,377546.36,236667.96,Home,783.0,33,34,0.608,2022-02-17,0,2022,2,17,Thursday,0.0,2,Low,0.0,3.0,1,0.6268580102321739,2.8333333333333335,229548.18688,12.841451296755793,614.4480124469441,2.6486813433984637e-06
C10096,52.0,Female,West,Post-Graduate,Salaried,444808.51,309965.31,Car,629.0,33,42,0.695,2024-06-12,0,2024,6,12,Wednesday,2.0,0,Low,0.0,0.0,1,0.6968511236441947,3.5,309141.91445,13.005401402085635,666.9396599393382,2.2481584266452097e-06
C10097,26.0,Male,West,High School,Salaried,479644.11,168800.1,Education,570.0,27,38,0.525,2026-07-09,1,2026,7,9,Thursday,0.0,1,Low,0.0,0.0,1,0.35192780747375385,3.1666666666666665,251813.15775,13.08080175526032,692.5634339177892,2.084879140911373e-06
C10098,58.0,Female,Central,High School,Salaried,570770.89,397810.54,Education,707.0,7,34,0.481,2026-06-25,1,2026,6,25,Thursday,0.0,0,Medium,0.0,2.0,1,0.696970618105629,2.8333333333333335,274540.79809,13.254744916700822,755.4938054014739,1.7520164702162718e-06
C10099,46.0,Male,East,Post-Graduate,Salaried,961936.78,684696.1,Home,765.0,35,28,0.46,2026-01-04,0,2026,1,4,Sunday,2.0,1,Medium,0.0,3.0,0,0.7117890845175916,2.3333333333333335,442490.91880000004,13.77670504980147,980.7837580221238,1.0395693571463189e-06
C10100,59.0,Male,Central,Post-Graduate,Salaried,596465.86,463795.32,Other,826.0,20,43,0.612,2023-11-04,0,2023,11,4,Saturday,2.0,1,Medium,0.0,3.0,1,0.7775722821755465,3.5833333333333335,365037.10631999996,13.298778961558464,772.3120224365279,1.6765418895894561e-06
C10101,53.0,Female,North,Post-Graduate,Self-Employed,744114.48,539812.91,Car,736.0,20,32,0.261,2024-03-21,0,2024,3,21,Thursday,2.0,0,Medium,0.0,2.0,2,0.7254433618870043,2.6666666666666665,194213.87928,13.519951516824381,862.6207045973334,1.3438792375065728e-06
C10102,35.0,Female,East,Graduate,Salaried,1213783.92,652770.42,Car,674.0,25,35,0.81,2022-09-23,0,2022,9,23,Friday,1.0,0,High,0.0,1.0,3,0.5377978808616941,2.9166666666666665,983164.9752,14.00925406851367,1101.7186210643804,8.238698696881732e-07
C10103,44.0,Other,North,Graduate,Salaried,750246.09,554457.96,Home,637.0,28,29,0.749,2026-04-19,1,2026,4,19,Sunday,1.0,2,Medium,0.0,0.0,2,0.7390347879053925,2.4166666666666665,561934.32141,13.528157884587994,866.1674722592624,1.3328959835032262e-06
C10104,44.0,Female,West,Graduate,Business,1056504.36,346258.08,Other,701.0,35,34,0.38,2023-09-30,0,2023,9,30,Saturday,1.0,0,High,0.0,2.0,0,0.327739376295617,2.8333333333333335,401471.65680000006,13.870477189380798,1027.8639793280042,9.465176272438667e-07
C10105,52.0,Other,West,Graduate,Salaried,588587.05,325193.53,Car,679.0,21,36,0.563,2025-06-09,0,2025,6,9,Monday,1.0,2,Medium,0.0,1.0,1,0.55249861511564,3.0,331374.50915,13.285481812162908,767.1942713550461,1.6989840330330067e-06
C10106,31.0,Female,Central,Graduate,Business,792477.48,199752.89,Other,629.0,22,28,0.213,2023-01-26,0,2023,1,26,Thursday,1.0,0,Medium,0.0,0.0,2,0.2520612825490007,2.3333333333333335,168797.70324,13.582920629790747,890.2120421562494,1.2618655106767198e-06
C10107,35.0,Other,West,Graduate,Business,583993.82,403292.92,Education,841.1,27,33,0.878,2025-04-04,1,2025,4,4,Friday,1.0,2,Medium,0.0,3.0,1,0.6905773763153864,2.75,512746.57395999995,13.277647391908014,764.1948835212128,1.7123468875064468e-06
C10108,31.0,Male,South,Graduate,Business,755070.74,458590.12,Other,825.0,9,49,0.822,2022-04-17,0,2022,4,17,Sunday,1.0,1,Medium,0.0,3.0,2,0.6073472268306941,4.083333333333333,620668.14828,13.53456804358461,868.9480651914705,1.3243792230645834e-06
C10109,34.0,Male,North,Post-Graduate,Self-Employed,1085286.28,307774.48,Home,780.0,11,26,0.838,2025-03-21,0,2025,3,21,Friday,2.0,1,High,0.0,3.0,0,0.2835882897183589,2.1666666666666665,909469.90264,13.897355284103744,1041.770742534076,9.214158682628882e-07
C10110,28.0,Other,Central,PhD,Self-Employed,366350.28,174793.28,Home,636.0,23,44,0.366,2021-04-07,0,2021,4,7,Wednesday,3.0,2,Low,0.0,0.0,1,0.47712063984228426,3.6666666666666665,134084.20248,12.811347933508578,605.2687667474673,2.729628048871697e-06
C10111,22.0,Other,East,High School,Self-Employed,971638.62,290771.77,Other,760.0,2,35,0.235,2021-08-09,0,2021,8,9,Monday,0.0,2,Medium,0.0,3.0,0,0.29925917312755645,2.9166666666666665,228335.0757,13.786740253376733,985.7173124177134,1.0291892267518143e-06
C10112,62.0,Other,North,Graduate,Self-Employed,916565.97,435503.05,Other,745.0,11,32,0.269,2023-01-10,0,2023,1,10,Tuesday,1.0,2,Medium,0.0,3.0,0,0.4751464316311023,2.6666666666666665,246556.24593,13.728390415059847,957.3745191929854,1.0910289414301516e-06
C10113,24.0,Male,Central,High School,Salaried,683638.01,87920.04,Education,731.0,26,43,0.172,2023-10-10,0,2023,10,10,Tuesday,0.0,1,Medium,0.0,2.0,2,0.12860613177432892,3.5833333333333335,117585.73771999999,13.435185294130799,826.8240502065721,1.4627624347569555e-06
C10114,60.0,Male,Central,Graduate,Unemployed,445103.8,240326.06,Home,787.0,36,29,0.196,2025-02-02,0,2025,2,2,Sunday,1.0,1,Low,0.0,3.0,1,0.5399326179646186,2.4166666666666665,87240.3448,13.00606503903926,667.1610000592061,2.2466669572355932e-06
C10115,21.0,Other,East,Graduate,Self-Employed,870196.26,156393.68,Other,744.0,19,46,0.157,2023-01-25,0,2023,1,25,Wednesday,1.0,2,Medium,0.0,2.0,2,0.17972230770102365,3.8333333333333335,136620.81282,13.676475200562312,932.8431057793159,1.1491660513457044e-06
C10116,55.0,Female,West,High School,Business,701742.04,593618.53,Car,752.0,14,34,0.892,2021-02-08,1,2021,2,8,Monday,0.0,0,Medium,0.0,3.0,2,0.8459212875432117,2.8333333333333335,625953.89968,13.461322576112957,837.700447654172,1.4250250704660646e-06
C10117,35.0,Male,North,Post-Graduate,Salaried,915149.34,637776.57,Other,745.0,16,33,0.159,2022-11-15,0,2022,11,15,Tuesday,2.0,1,Medium,0.0,3.0,0,0.6969098289466067,2.75,145508.74506,13.726843636771832,956.6343815690507,1.0927178289829724e-06
C10118,43.0,Other,North,Graduate,Salaried,856118.6,466464.91,Other,724.0,25,27,0.206,2023-07-12,0,2023,7,12,Wednesday,1.0,2,Medium,0.0,2.0,2,0.5448601513855673,2.25,176360.43159999998,13.660165364990169,925.2667723419014,1.1680624623737879e-06
C10119,33.0,Other,South,Post-Graduate,Salaried,1298498.09,894996.91,Other,575.0,20,40,0.762,2024-02-16,1,2024,2,16,Friday,2.0,2,High,1.0,0.0,3,0.689255468985711,3.3333333333333335,989455.5445800001,14.076719609276068,1139.516603652619,7.701205012939218e-07
C10120,42.0,Male,West,High School,Salaried,782980.42,567475.79,Business,706.0,0,48,0.564,2024-09-14,1,2024,9,14,Saturday,0.0,1,Medium,0.0,2.0,2,0.7247637048190809,4.0,441600.95687999995,13.570864245444909,884.8618084198233,1.2771711456079578e-06
C10121,40.0,Other,North,High School,Salaried,563420.7,387023.44,Business,661.0,19,42,0.72,2022-06-05,1,2022,6,5,Sunday,0.0,2,Medium,0.0,1.0,1,0.6869173248338232,3.5,405662.904,13.241783649834616,750.6135490383849,1.7748726661977454e-06
C10122,44.0,Other,North,Graduate,Salaried,900197.18,344175.54,Education,610.0,14,37,0.605,2024-07-05,0,2024,7,5,Friday,1.0,2,Medium,0.0,0.0,0,0.38233350164460633,3.0833333333333335,544619.2939,13.710370218065986,948.7872153438831,1.1108677323339314e-06
C10123,38.0,Female,West,High School,Salaried,911599.07,559665.33,Home,818.0,25,36,0.806,2024-08-19,0,2024,8,19,Monday,0.0,0,Medium,0.0,3.0,0,0.6139380221175522,3.0,734748.85042,13.722956653141727,954.7769739577928,1.096973475411729e-06
C10124,44.0,Female,West,Graduate,Salaried,1230572.52,293413.99,Car,694.6451612903226,32,34,0.611,2025-06-19,0,2025,6,19,Thursday,1.0,0,High,0.0,1.0,3,0.2384369756607274,2.8333333333333335,751879.80972,14.022990895098292,1109.3117325621324,8.126298806022419e-07
C10125,57.0,Male,West,PhD,Salaried,1083831.15,669005.72,Business,795.0,35,34,0.518,2024-01-02,0,2024,1,2,Tuesday,3.0,1,High,0.0,3.0,0,0.6172600962797573,2.8333333333333335,561424.5357,13.896013605818855,1041.0721156577001,9.22652942757735e-07
C10126,40.0,Other,West,High School,Unemployed,949923.9,277137.44,Other,718.0,22,26,0.67,2025-08-30,0,2025,8,30,Saturday,0.0,2,Medium,0.0,2.0,0,0.291746991522163,2.1666666666666665,636449.013,13.76413820782032,974.6403952227714,1.0527159070321317e-06
C10127,36.0,Other,Central,High School,Salaried,1259724.81,829591.46,Education,795.0,13,35,0.458,2022-04-11,0,2022,4,11,Monday,0.0,2,High,1.0,3.0,3,0.6585497510364982,2.9166666666666665,576953.9629800001,14.046404644135816,1122.374629969869,7.938241686293374e-07
C10128,26.0,Other,West,Graduate,Salaried,517146.34,278696.6,Business,701.0,16,38,0.377,2025-02-03,0,2025,2,3,Monday,1.0,2,Medium,0.0,2.0,1,0.5389124478769394,3.1666666666666665,194964.17018000002,13.156083103217357,719.1288757934839,1.9336886344395282e-06
C10129,36.0,Other,East,Graduate,Salaried,670869.57,297965.29,Home,714.0,6,29,0.474,2021-04-07,0,2021,4,7,Wednesday,1.0,2,Medium,0.0,2.0,2,0.4441478691603198,2.4166666666666665,317992.17617999995,13.416331506140764,819.0662793693805,1.4906027113437268e-06
C10130,26.0,Male,Central,Graduate,Salaried,590558.74,251888.21,Education,623.0,34,36,0.236,2021-08-04,0,2021,8,4,Wednesday,1.0,1,Medium,0.0,0.0,1,0.42652524285729815,3.0,139371.86263999998,13.288826078003636,768.4781974786272,1.693311659395643e-06
C10131,29.0,Female,South,Graduate,Salaried,740853.26,435038.19,Education,728.0,31,23,0.737,2025-12-21,0,2025,12,21,Sunday,1.0,0,Medium,0.0,2.0,2,0.5872123583555534,1.9166666666666667,546008.85262,13.5155592047722,860.7283311242869,1.3497949647950526e-06
C10132,62.0,Female,North,Post-Graduate,Self-Employed,464527.88,242456.17,Other,704.0,31,24,0.309,2023-09-25,0,2023,9,25,Monday,2.0,0,Low,0.0,2.0,1,0.521941051202352,2.0,143539.11492,13.048779009684338,681.5628217559993,2.1527233198575723e-06
C10133,24.0,Other,West,High School,Unemployed,1027842.27,446059.64,Car,609.0,12,37,0.223,2024-07-27,0,2024,7,27,Saturday,0.0,2,High,0.0,0.0,0,0.43397674236534367,3.0833333333333335,229208.82621,13.84297325228438,1013.8255619188145,9.729119235386185e-07
C10134,42.0,Female,South,Graduate,Salaried,787777.64,443861.44,Car,696.0,11,37,0.297,2024-06-21,0,2024,6,21,Friday,1.0,0,Medium,0.0,1.0,2,0.5634349306994801,3.0833333333333335,233969.95908,13.576972415670786,887.5683860976573,1.2693937339983398e-06
C10135,57.0,Female,Central,Graduate,Self-Employed,438174.24,374757.4,Car,694.0,31,30,0.774,2024-12-30,1,2024,12,30,Monday,1.0,0,Low,0.0,1.0,1,0.8552702687405814,2.5,339146.86176,12.990374200667592,661.9473090813195,2.2821971460485676e-06
C10136,62.0,Male,East,Post-Graduate,Salaried,565637.86,135833.72,Home,826.0,20,38,0.364,2022-05-31,0,2022,5,31,Tuesday,2.0,1,Medium,0.0,3.0,1,0.24014255339980248,3.1666666666666665,205892.18104,13.245711097003516,752.0889973932606,1.7679156059320357e-06
C10137,27.0,Other,Central,Graduate,Salaried,937783.88,163952.6,Education,763.0,26,49,0.649,2022-01-10,0,2022,1,10,Monday,1.0,2,Medium,0.0,3.0,0,0.1748298339271944,4.083333333333333,608621.73812,13.751275862666958,968.3924204577398,1.0663437720853123e-06
C10138,28.0,Female,North,Graduate,Salaried,1084675.44,292309.3,Business,701.0,18,26,0.785,2021-03-31,0,2021,3,31,Wednesday,1.0,0,High,0.0,2.0,0,0.2694901066442511,2.1666666666666665,851470.2204,13.896792288501095,1041.4775273619684,9.219347678785832e-07
C10139,37.0,Male,West,High School,Salaried,1409084.65,912011.12,Other,717.0,16,35,0.162,2025-12-22,0,2025,12,22,Monday,0.0,1,High,1.0,2.0,3,0.6472365730476164,2.9166666666666665,228271.7133,14.158451576826074,1187.048714248914,7.096805717101524e-07
C10140,45.0,Other,East,High School,Self-Employed,1448960.2680000002,726853.12,Other,703.0,23,34,0.712,2022-04-15,0,2022,4,15,Friday,0.0,2,High,0.0,2.0,3,0.501637716404243,2.8333333333333335,1031659.710816,14.186357490786833,1203.7276552443248,6.901500490281214e-07
C10141,63.0,Male,East,High School,Self-Employed,966034.64,622815.98,Home,686.0,30,37,0.346,2024-04-22,0,2024,4,22,Monday,0.0,1,Medium,0.0,1.0,0,0.6447139204035167,3.0833333333333335,334247.98543999996,13.780956006924011,982.8706120339543,1.0351595673629261e-06
C10142,30.0,Male,South,Post-Graduate,Self-Employed,572929.33,393527.07,Car,624.0,12,33,0.273,2023-08-14,0,2023,8,14,Monday,2.0,1,Medium,0.0,0.0,1,0.6868684310506499,2.75,156409.70709,13.258519400171805,756.9209536008367,1.7454159660494254e-06
C10143,28.0,Male,Central,Graduate,Salaried,315611.7747,110205.77,Car,689.0,29,39,0.651,2021-12-07,0,2021,12,7,Tuesday,1.0,1,Low,0.0,1.0,1,0.34918142741903224,3.25,205463.26532970002,12.662271344637833,561.793355870288,3.1684495958699097e-06
C10144,32.0,Female,South,Post-Graduate,Self-Employed,924959.21,619041.66,Car,648.0,9,31,0.828,2023-05-20,1,2023,5,20,Saturday,2.0,0,Medium,0.0,1.0,0,0.6692637397491291,2.5833333333333335,765866.2258799999,13.737505999353122,961.7479971385435,1.0811287559372484e-06
C10145,59.0,Male,Central,High School,Salaried,622376.49,420805.31,Other,612.0,14,30,0.336,2021-06-24,0,2021,6,24,Thursday,0.0,1,Medium,0.0,0.0,1,0.6761266159009316,2.5,209118.50064,13.341302084739855,788.9084167379633,1.606744496406026e-06
C10146,22.0,Other,East,Post-Graduate,Salaried,877438.4215277777,267341.54,Home,736.0,33,36,0.555,2022-01-07,0,2022,1,7,Friday,2.0,2,Medium,0.0,2.0,0,0.30468410482243347,3.0,486978.3239479167,13.684763196643132,936.7168310262059,1.1396811166062464e-06
C10147,37.0,Female,North,Post-Graduate,Salaried,678612.9,211815.08,Home,727.0,35,36,0.332,2021-10-21,0,2021,10,21,Thursday,2.0,0,Medium,0.0,2.0,2,0.3121294629088247,3.0,225299.48280000003,13.427807614470556,823.7796428657363,1.4735941506564346e-06
C10148,26.0,Male,Central,High School,Self-Employed,810578.55,313290.63,Other,575.0,34,36,0.543,2025-09-28,1,2025,9,28,Sunday,0.0,1,Medium,0.0,0.0,2,0.38650249257150954,3.0,440144.15265000006,13.605504764632103,900.321359293447,1.2336867290653077e-06
C10149,27.0,Male,North,High School,Unemployed,1148474.46,197142.66,Other,691.0,11,25,0.597,2024-04-06,0,2024,4,6,Saturday,0.0,1,High,0.0,1.0,3,0.17165611153425214,2.0833333333333335,685639.2526199999,13.953945933882578,1071.6690067366883,8.707202770534401e-07
C10150,61.0,Female,South,High School,Salaried,893973.6,320109.17,Car,770.0,31,31,0.588,2026-04-28,0,2026,4,28,Tuesday,0.0,0,Medium,0.0,3.0,0,0.358074522558608,2.5833333333333335,525656.4768,13.703432642118923,945.5017715477851,1.118601265182775e-06
C10151,21.0,Male,Central,Post-Graduate,Self-Employed,805582.25,736083.2,Car,774.0,34,35,0.599,2023-07-05,0,2023,7,5,Wednesday,2.0,1,Medium,0.0,3.0,2,0.9137281761111296,2.9166666666666665,482543.76775,13.599321828214029,897.542338834219,1.2413381749659952e-06
C10152,35.0,Other,Central,High School,Business,560016.95,237989.91,Education,772.0,36,36,0.208,2022-02-27,0,2022,2,27,Sunday,0.0,2,Medium,0.0,3.0,1,0.42496911923826597,3.0,116483.52559999998,13.235724115769056,748.3428024642183,1.7856602376053084e-06
C10153,61.0,Male,Central,Graduate,Business,381088.78,184860.34,Education,703.0,0,42,0.655,2024-07-02,0,2024,7,2,Tuesday,1.0,1,Low,0.0,2.0,1,0.4850847091326068,3.5,249613.15090000004,12.850790269393997,617.3238858168377,2.624060461711835e-06
C10154,47.0,Female,East,Graduate,Salaried,713833.79,302992.55,Other,641.0,27,41,0.64,2026-05-07,0,2026,5,7,Thursday,1.0,0,Medium,0.0,0.0,2,0.42445812210710837,3.4166666666666665,456853.6256,13.478406827993101,844.8868504125271,1.400886332377177e-06
C10155,24.0,Male,West,Post-Graduate,Self-Employed,834940.89,367498.36,Education,624.0,36,38,0.646,2024-01-24,0,2024,1,24,Wednesday,2.0,1,Medium,0.0,0.0,2,0.4401489547361849,3.1666666666666665,539371.8149400001,13.63511740859693,913.7509999994528,1.1976895753662274e-06
C10156,41.0,Male,South,Graduate,Self-Employed,1345020.38,981905.1228000001,Home,724.0,28,38,0.159,2021-02-07,0,2021,2,7,Sunday,1.0,1,High,1.0,2.0,3,0.7300299217770962,3.1666666666666665,213858.24042,14.111920466802518,1159.7501368829408,7.434831582254539e-07
C10157,63.0,Male,West,Graduate,Business,886476.87,542125.67,Education,727.0,8,39,0.457,2022-09-30,0,2022,9,30,Friday,1.0,1,Medium,0.0,2.0,0,0.6115508349360542,3.25,405119.92959,13.695011440845837,941.5290064570502,1.128061017542398e-06
C10158,38.0,Male,East,PhD,Salaried,1125167.06,596342.4,Education,790.0,28,51,0.427,2026-04-27,0,2026,4,27,Monday,3.0,1,High,0.0,3.0,0,0.530003429001912,4.25,480446.33462000004,13.933442969130247,1060.7389216956262,8.887569104627005e-07
C10159,44.0,Other,North,High School,Business,710197.23,433442.96,Education,777.0,3,35,0.169,2023-12-25,0,2023,12,25,Monday,0.0,2,Medium,0.0,3.0,2,0.6103135040388711,2.9166666666666665,120023.33187000001,13.473299407232316,842.7320036642728,1.408059561144726e-06
C10160,44.0,Other,East,Post-Graduate,Salaried,518215.75,353270.93,Education,691.0,17,36,0.278,2026-06-23,0,2026,6,23,Tuesday,2.0,2,Medium,0.0,1.0,1,0.6817062777424268,3.0,144063.97850000003,13.158148870015005,719.8720372399528,1.9296982000257614e-06
C10161,50.0,Other,East,High School,Business,579767.31,319636.4,Other,613.0,23,35,0.453,2023-12-06,0,2023,12,6,Wednesday,0.0,2,Medium,0.0,0.0,1,0.551318424627977,2.9166666666666665,262634.59143000003,13.270383837197757,761.4245267917235,1.7248299149532937e-06
C10162,29.0,Male,South,Graduate,Salaried,646936.7,544275.81,Other,678.0,16,40,0.694,2021-01-26,0,2021,1,26,Tuesday,1.0,1,Medium,0.0,1.0,2,0.8413123107716722,3.3333333333333335,448974.06979999994,13.380005278274933,804.3237532237873,1.5457462839872897e-06
C10163,57.0,Other,South,Post-Graduate,Salaried,1445971.53,449595.51,Car,715.0,25,30,0.29,2026-01-08,0,2026,1,8,Thursday,2.0,2,High,0.0,2.0,3,0.31092971104348094,2.5,419331.7437,14.18429268428665,1202.4855633229033,6.915765485368857e-07
C10164,64.0,Female,East,Graduate,Salaried,620011.73,376574.16,Car,686.0,8,32,0.764,2025-05-22,0,2025,5,22,Thursday,1.0,0,Medium,0.0,1.0,1,0.6073661864429565,2.6666666666666665,473688.96172,13.337495289068555,787.4082359233995,1.612872711295317e-06
C10165,27.0,Male,North,Graduate,Salaried,1084776.98,663907.23,Business,660.0,22,50,0.537,2025-02-11,0,2025,2,11,Tuesday,1.0,1,High,0.0,1.0,0,0.6120218646232704,4.166666666666667,582525.23826,13.896885897289682,1041.5262742725217,9.218484706414032e-07
C10166,57.0,Male,North,Graduate,Salaried,597180.39,268034.44,Education,718.0,23,30,0.708,2026-07-31,0,2026,7,31,Friday,1.0,1,Medium,0.0,2.0,1,0.4488332913945818,2.5,422803.71612,13.299976182071871,772.7744755101581,1.674535896933923e-06
C10167,56.0,Female,West,Graduate,Salaried,1110840.44,508425.47,Education,665.0,23,36,0.478,2022-02-17,0,2022,2,17,Thursday,1.0,0,High,0.0,1.0,0,0.45769441919129267,3.0,530981.73032,13.920628340164718,1053.9641549882044,9.002192970216317e-07
C10168,53.0,Female,South,Graduate,Salaried,957786.27,513986.67,Home,656.0,10,41,0.499,2026-03-18,0,2026,3,18,Wednesday,1.0,0,Medium,0.0,1.0,0,0.536640256912432,3.4166666666666665,477935.34873,13.7723809759274,978.665555744147,1.0440742693043616e-06
C10169,37.0,Male,West,Graduate,Salaried,806141.39,98211.14,Car,722.0,11,30,0.596,2022-05-04,0,2022,5,4,Wednesday,1.0,1,Medium,0.0,2.0,2,0.12182867821735341,2.5,480460.26844,13.600015668416795,897.8537687173787,1.240477182296768e-06
C10170,41.0,Other,East,Graduate,Business,838586.49,356036.22,Business,672.0,9,36,0.842,2026-08-01,0,2026,8,1,Saturday,1.0,2,Medium,0.0,1.0,2,0.4245670831162567,3.0,706089.82458,13.63947419588752,915.7436813868824,1.1924828409768444e-06
C10171,57.0,Other,East,Graduate,Business,666659.45,542063.27,Other,717.0,17,32,0.493,2022-02-07,0,2022,2,7,Monday,1.0,2,Medium,0.0,2.0,2,0.8131037068476267,2.6666666666666665,328663.10884999996,13.410036124812631,816.492161628022,1.500016237675773e-06
C10172,27.0,Female,East,Graduate,Self-Employed,974900.22,364713.12,Business,719.0,21,28,0.523,2024-03-01,0,2024,3,1,Friday,1.0,0,Medium,0.0,2.0,0,0.3741030235894295,2.3333333333333335,509872.81506,13.790091432026982,987.3703560468077,1.0257459989084833e-06
C10173,57.0,Other,East,Graduate,Salaried,722604.63,216087.63,Car,620.0,13,40,0.582,2025-07-16,0,2025,7,16,Wednesday,1.0,2,Medium,0.0,0.0,2,0.29903991896647547,3.3333333333333335,420555.89466,13.490618888974486,850.0615448307258,1.3838826357921344e-06
C10174,61.0,Other,Central,Graduate,Salaried,506830.39,269028.05,Home,666.0,15,36,0.69,2021-06-14,0,2021,6,14,Monday,1.0,2,Medium,0.0,1.0,1,0.5308048911589536,3.0,349712.9691,13.13593366315905,711.9202132261732,1.9730466438683755e-06
C10175,51.0,Other,Central,High School,Business,492177.48,137420.2,Home,801.0,10,35,0.157,2021-05-21,0,2021,5,21,Friday,0.0,2,Low,0.0,3.0,1,0.2792086301876307,2.9166666666666665,77271.86435999999,13.106596693919053,701.5536187633843,2.031787395067324e-06
C10176,36.0,Male,South,Post-Graduate,Salaried,898324.62,801501.27,Car,619.0,8,31,0.513,2025-11-20,0,2025,11,20,Thursday,2.0,1,Medium,1.0,0.0,0,0.8922178599535656,2.5833333333333335,460840.53006,13.70828788734939,947.7998839417528,1.1131833390027762e-06
C10177,45.0,Other,West,Graduate,Salaried,1292145.55,856572.63,Education,552.0,24,30,0.485,2021-05-07,1,2021,5,7,Friday,1.0,2,High,1.0,0.0,3,0.6629072320838778,2.5,626690.59175,14.071815385684696,1136.7258024695313,7.739066237545762e-07
C10178,23.0,Female,Central,High School,Business,894797.65,158924.55,Other,570.0,30,34,0.837,2024-07-13,1,2024,7,13,Saturday,0.0,0,Medium,0.0,0.0,0,0.1776094852283083,2.8333333333333335,748945.63305,13.704353999879942,945.937445077633,1.1175711067189325e-06
C10179,61.0,Other,North,Graduate,Unemployed,816781.27,730447.87,Other,702.0,10,41,0.495,2026-05-25,1,2026,5,25,Monday,1.0,2,Medium,0.0,2.0,2,0.8943004655334469,3.4166666666666665,404306.72865,13.613127838936864,903.7595200051837,1.2243179866257218e-06
C10180,36.0,Other,West,Post-Graduate,Salaried,930031.32,765288.04,Home,702.0,31,32,0.475,2024-07-14,0,2024,7,14,Sunday,2.0,2,Medium,1.0,2.0,0,0.8228626537007379,2.6666666666666665,441764.877,13.74297461721375,964.3813146261182,1.07523260614492e-06
C10181,23.0,Male,East,High School,Self-Employed,1215680.49,455318.39,Business,692.0,21,35,0.87,2023-10-08,0,2023,10,8,Sunday,0.0,1,High,0.0,1.0,3,0.3745378771357925,2.9166666666666665,1057642.0263,14.010815374632134,1102.5790175765183,8.225845592043679e-07
C10182,55.0,Female,Central,High School,Salaried,911427.1,552661.41,Car,785.0,6,34,0.46,2023-05-27,0,2023,5,27,Saturday,0.0,0,Medium,0.0,3.0,0,0.6063692971165769,2.8333333333333335,419256.466,13.722767989024145,954.6869120292788,1.0971804546957184e-06
C10183,49.0,Male,East,High School,Business,734940.38,202651.87,Home,523.42,13,36,0.245,2024-09-02,1,2024,9,2,Monday,0.0,1,Medium,0.0,0.0,2,0.2757391966951115,3.0,180060.3931,13.507546019912326,857.2866381788532,1.3606545880633201e-06
C10184,48.0,Male,Central,High School,Salaried,1159760.84,912668.34,Education,728.0,0,38,0.274,2024-04-15,1,2024,4,15,Monday,0.0,1,High,1.0,2.0,3,0.7869452981357776,3.1666666666666665,317774.47016,13.963725231658666,1076.9219284609262,8.622467370082955e-07
C10185,23.0,Female,North,Post-Graduate,Salaried,970051.8,614001.17,Home,809.0,1,45,0.176,2023-11-20,0,2023,11,20,Monday,2.0,0,Medium,0.0,3.0,0,0.6329570956932403,3.75,170729.1168,13.785105781987834,984.912077294212,1.0308727843193527e-06
C10186,54.0,Other,North,PhD,Self-Employed,1280011.68,674857.67,Car,621.0,12,35,0.1,2021-11-19,0,2021,11,19,Friday,3.0,2,High,0.0,0.0,3,0.5272277437343384,2.9166666666666665,128001.168,14.062380542096733,1131.3760117662032,7.812428711588007e-07
C10187,49.0,Other,Central,High School,Salaried,901305.64,223498.71,Education,673.0,16,36,0.446,2024-10-23,0,2024,10,23,Wednesday,0.0,2,Medium,0.0,1.0,0,0.24797216402640063,3.0,401982.31544000003,13.711600811653723,949.3711813616421,1.109501544892141e-06
C10188,55.0,Female,East,Post-Graduate,Self-Employed,507148.67,338060.88,Car,647.0,29,37,0.715,2025-04-03,1,2025,4,3,Thursday,2.0,0,Medium,0.0,1.0,1,0.6665912778594095,3.0833333333333335,362611.29905,13.13656144610887,712.1437144284853,1.9718083851033267e-06
C10189,57.0,Male,East,High School,Salaried,466915.42,75095.38320000001,Education,637.0,4,43,0.687,2025-01-28,0,2025,1,28,Tuesday,0.0,1,Low,0.0,0.0,1,0.16083294743189253,3.5833333333333335,320770.89354,13.053905548470865,683.3120956049293,2.1417155166989345e-06
C10190,30.0,Female,North,Graduate,Business,1312259.82,468026.67,Education,677.0,31,31,0.126,2021-06-07,0,2021,6,7,Monday,1.0,0,High,0.0,1.0,3,0.35665701476709083,2.5833333333333335,165344.73732000001,14.087262024460626,1145.5390957972584,7.620442116409538e-07
C10191,30.0,Other,South,Post-Graduate,Business,1332626.4,350225.39,Business,800.0,8,33,0.556,2025-01-16,0,2025,1,16,Thursday,2.0,2,High,0.0,3.0,3,0.26280838350493435,2.75,740940.2784000001,14.102663040207913,1154.3943866807392,7.503978609458736e-07
C10192,61.0,Other,Central,Graduate,Salaried,799734.62,511827.57,Home,829.0,5,32,0.223,2025-03-13,0,2025,3,13,Thursday,1.0,2,Medium,0.0,3.0,2,0.6399967654270113,2.6666666666666665,178340.82026,13.592036477031169,894.2788267648966,1.250414793847489e-06
C10193,44.0,Male,South,High School,Business,742707.55,316034.1,Home,676.0,25,48,0.853,2022-01-21,0,2022,1,21,Friday,0.0,1,Medium,0.0,1.0,2,0.425516207557066,4.0,633529.54015,13.518058985641751,861.8048212907607,1.346424982484694e-06
C10194,40.0,Male,East,Graduate,Salaried,1259204.4,960710.76,Education,833.0,28,37,0.234,2025-11-18,0,2025,11,18,Tuesday,1.0,1,High,1.0,3.0,3,0.7629506059540453,3.0833333333333335,294653.8296,14.045991445073183,1122.1427716649962,7.941522440677623e-07
C10195,33.0,Other,South,PhD,Salaried,540027.21,331333.81,Car,702.0,22,29,0.601,2024-01-06,0,2024,1,6,Saturday,3.0,2,Medium,0.0,2.0,1,0.6135502135160931,2.4166666666666665,324556.35321,13.199376657916698,734.8654366617061,1.8517585437963396e-06
C10196,49.0,Male,South,Graduate,Salaried,599476.43,123920.49,Business,823.0,4,34,0.361,2023-09-20,0,2023,9,20,Wednesday,1.0,1,Medium,0.0,3.0,1,0.20671453254634214,2.8333333333333335,216410.99123,13.303813604700968,774.2586324995027,1.6681222979859274e-06
C10197,54.0,Male,North,High School,Business,1030131.5,115058.52,Home,693.0,4,39,0.613,2025-02-26,0,2025,2,26,Wednesday,0.0,1,High,0.0,1.0,0,0.11169304113115656,3.25,631470.6095,13.845197992709002,1014.9539398416068,9.707498508685542e-07
C10198,21.0,Male,Central,High School,Business,739510.57,170647.23,Education,709.0,14,30,0.43,2023-12-07,0,2023,12,7,Thursday,0.0,1,Medium,0.0,2.0,2,0.2307569856641806,2.5,317989.5451,13.513745206717157,859.9480042421169,1.3522457157035634e-06
C10199,45.0,Female,Central,Graduate,Business,848565.88,449860.42,Other,726.0,16,32,0.708,2024-02-18,0,2024,2,18,Sunday,1.0,0,Medium,0.0,2.0,2,0.5301420085379818,2.6666666666666665,600784.64304,13.651304181999787,921.1763566223353,1.1784588840644877e-06
C10200,64.0,Female,North,Graduate,Business,804235.99,543027.08,Home,841.1,36,28,0.285,2022-10-18,0,2022,10,18,Tuesday,1.0,0,Medium,0.0,3.0,2,0.675208628750872,2.3333333333333335,229207.25715,13.597649268408416,896.7920550495527,1.2434161271494454e-06
C10201,33.0,Female,South,Post-Graduate,Unemployed,944520.87,394785.8,Car,760.0,10,42,0.825,2026-05-03,1,2026,5,3,Sunday,2.0,0,Medium,0.0,3.0,0,0.4179746711155255,3.5,779229.71775,13.758434120764148,971.864635636054,1.0587378550989562e-06
C10202,33.0,Male,East,Post-Graduate,Salaried,1244094.92,853494.87,Other,650.0,7,32,0.5,2026-07-29,1,2026,7,29,Wednesday,2.0,1,High,1.0,1.0,3,0.6860367776439438,2.6666666666666665,622047.46,14.033919655418064,1115.3900304377837,8.037971893655831e-07
C10203,59.0,Other,South,Post-Graduate,Business,875363.77,75095.38320000001,Education,768.0,34,35,0.705,2021-10-01,0,2021,10,1,Friday,2.0,2,Medium,0.0,3.0,0,0.08578762998153329,2.9166666666666665,617131.45785,13.682395958469426,935.6087697323064,1.142382212140217e-06
C10204,23.0,Other,West,Post-Graduate,Self-Employed,1030302.86,844975.76,Home,675.0,5,41,0.78,2025-03-20,1,2025,3,20,Thursday,2.0,2,High,1.0,1.0,0,0.8201236673263238,3.4166666666666665,803636.2308,13.845364326407749,1015.0383539551597,9.705883957266702e-07
C10205,38.0,Female,South,High School,Salaried,315611.7747,399064.51,Car,666.0,0,34,0.899,2021-02-19,1,2021,2,19,Friday,0.0,0,Low,0.0,1.0,1,1.2644157854355236,2.8333333333333335,283734.9854553,12.662271344637833,561.793355870288,3.1684495958699097e-06
C10206,41.0,Male,North,Graduate,Self-Employed,836358.85,549116.76,Business,764.0,15,30,0.279,2023-02-14,0,2023,2,14,Tuesday,1.0,1,Medium,0.0,3.0,2,0.6565564051842101,2.5,233344.11915,13.636814242036737,914.5265715111835,1.195659016461654e-06
C10207,56.0,Female,South,Graduate,Salaried,613895.52,256506.92,Other,702.0,14,21,0.33,2026-07-30,0,2026,7,30,Thursday,1.0,0,Medium,0.0,2.0,1,0.41783481332458655,1.75,202585.5216,13.32758165872384,783.514849891181,1.6289416804996393e-06
C10208,26.0,Other,East,Graduate,Salaried,508732.34,352991.32,Car,720.0,22,36,0.3,2022-01-03,0,2022,1,3,Monday,1.0,2,Medium,0.0,2.0,1,0.6938645182258316,3.0,152619.702,13.139679268274003,713.2547511233277,1.9656701989891187e-06
C10209,40.0,Female,North,Post-Graduate,Salaried,604117.34,87561.26,Education,701.0,32,26,0.31,2023-03-03,0,2023,3,3,Friday,2.0,0,Medium,0.0,2.0,1,0.14494081563690922,2.1666666666666665,187276.3754,13.311525384878053,777.2498568671466,1.6553075599518466e-06
C10210,27.0,Male,Central,Graduate,Salaried,756445.44,207018.16,Business,724.0,34,41,0.566,2022-04-07,0,2022,4,7,Thursday,1.0,1,Medium,0.0,2.0,2,0.27367229551942307,3.4166666666666665,428148.1190399999,13.536387009968504,869.7387193864603,1.321972408214927e-06
C10211,55.0,Female,North,PhD,Salaried,1106452.71,184786.24,Home,730.0,10,30,0.895,2025-03-10,0,2025,3,10,Monday,3.0,0,High,0.0,2.0,0,0.16700780641587473,2.5,990275.17545,13.916670602984503,1051.8805588088412,9.03789191315732e-07
C10212,48.0,Female,North,Graduate,Business,478610.04,281392.3,Car,564.0,36,34,0.892,2023-09-02,1,2023,9,2,Saturday,1.0,0,Low,0.0,0.0,1,0.5879364753819205,2.8333333333333335,426920.15567999997,13.07864352146993,691.816478554826,2.089383666084397e-06
C10213,42.0,Female,East,Graduate,Self-Employed,858576.82,613362.92,Business,747.0,23,43,0.521,2024-05-30,0,2024,5,30,Thursday,1.0,0,Medium,0.0,3.0,2,0.7143949215866322,3.5833333333333335,447318.52322,13.663032601687936,926.5942046009137,1.1647181436834039e-06
C10214,38.0,Female,East,Graduate,Salaried,714432.56,317627.17,Home,631.0,2,34,0.611,2026-06-03,0,2026,6,3,Wednesday,1.0,0,Medium,0.0,0.0,2,0.4445866381005927,2.8333333333333335,436518.29416000005,13.47924528392483,845.2411253600951,1.3997122415585314e-06
C10215,27.0,Male,South,High School,Salaried,758251.53,614441.52,Business,599.0,34,46,0.788,2023-12-31,1,2023,12,31,Sunday,0.0,1,Medium,0.0,0.0,2,0.8103399672665349,3.8333333333333335,597502.2056400001,13.53877176217566,870.7763949487836,1.3188235835145626e-06
C10216,61.0,Other,South,High School,Salaried,1130772.19,436161.15,Education,696.0,5,40,0.846,2025-03-22,1,2025,3,22,Saturday,0.0,2,High,0.0,1.0,0,0.38571973546678756,3.3333333333333335,956633.2727399999,13.938412195641842,1063.3777268684914,8.843514271428979e-07
C10217,49.0,Female,North,Graduate,Salaried,1000672.32,676718.57,Other,706.0,21,27,0.263,2021-07-25,0,2021,7,25,Sunday,1.0,0,High,0.0,2.0,0,0.6762639042518933,2.25,263176.82016,13.816183651386064,1000.3361035172128,9.993281317104885e-07
C10218,35.0,Female,West,High School,Business,1224471.47,325519.62,Home,651.0,29,30,0.523,2022-03-29,0,2022,3,29,Tuesday,0.0,0,High,0.0,1.0,3,0.26584500168060266,2.5,640398.57881,14.018020672475643,1106.558389783386,8.166788892190359e-07
C10219,39.0,Female,South,Post-Graduate,Salaried,806738.41,263972.58,Other,758.0,9,35,0.766,2026-06-12,0,2026,6,12,Friday,2.0,0,Medium,0.0,3.0,2,0.32720963416133864,2.9166666666666665,617961.6220600001,13.600755983084946,898.1861778050251,1.2395591775529814e-06
C10220,52.0,Female,North,High School,Self-Employed,655136.07,466897.3,Car,606.0,10,42,0.343,2025-12-11,0,2025,12,11,Thursday,0.0,0,Medium,0.0,0.0,2,0.7126722544829505,3.5,224711.67201,13.39259975989964,809.4047627732369,1.526400462120793e-06
